0	PIK3CA
1	KIT
2	TP53
3	MAPK3
4	STK11
5	APC
6	CDH1
7	MED12
8	ERBB2
9	GATA3
10	ARID1A
11	BRCA2
12	EGFR
13	PTEN
14	MTOR
15	CCNE1
16	NTRK3
17	MET
18	SMAD4
19	HNF1A
20	ROS1
21	FGFR2
22	KMT2C
23	NOTCH4
24	ESR1
25	AR
26	FGFR3
27	ARAF
28	PDGFRA
29	BRAF
30	PIK3R2_AMP
31	JAK3_AMP
32	EPHA3
33	SMARCD1
34	TET2
35	PIK3R2
36	PTPN11
37	DICER1
38	SOX17
39	FGFR4
40	NF1
41	FGFR1
42	INPP4A
43	ZFHX3
44	FGFR1_AMP
45	IRF4_DEL
46	SPEN
47	PTPRT_AMP
48	SYK
49	TMPRSS2_AMP
50	PRDM1_AMP
51	CCND1_AMP
52	AURKA_AMP
53	MYC_AMP
54	BIRC3_AMP
55	PGR_AMP
56	NCOA3_AMP
57	FOXO1
58	YAP1_AMP
59	TNFAIP3_AMP
60	ERBB3
61	ERCC2
62	FGF19_AMP
63	FGF4_AMP
64	HIST1H2BD
65	HRAS
66	CSF1R
67	MPL
68	MCL1_AMP
69	CDKN1B
70	ERBB2_AMP
71	PAK1_AMP
72	FGF3_AMP
73	WT1_AMP
74	CDK6
75	NBN_AMP
76	NOTCH1
77	MAX
78	CDKN2A
79	BRCA1
80	AKT1
81	MAPK1
82	NTRK1
83	GNAQ
84	DDR2
85	EZH2
86	ALK
87	RB1
88	RET
89	CCND2
90	CCND1
91	MYC
92	FBXW7
93	CDK4
94	NFE2L2
95	PPP2R1A_AMP
96	MGA
97	TBX3
98	BRIP1
99	PLK2
100	FAT1
101	KDM5A
102	FOXA1
103	TERT
104	ATM
105	RUNX1
106	KRAS
107	CDK12_AMP
108	SPOP
109	KMT2D
110	PIK3CA_AMP
111	RPTOR_AMP
112	JAK1
113	JUN
114	GNAS_AMP
115	IGF1R
116	MAP3K1
117	CTCF
118	SF3B1
119	SMO
120	TGFBR2
121	TSC1
122	RNF43
123	DAXX
124	PTEN_DEL
125	FH_AMP
126	HIST1H3B
127	NCOR1
128	IKZF1
129	FGFR3_DEL
130	FOXA1_AMP
131	KDM5C
132	AR_AMP
133	TP53_DEL
134	RPS6KB2_AMP
135	BRCA1_DEL
136	CD274
137	IRS1
138	PPM1D
139	BAP1
140	ARID2
141	ARID1B
142	MAP2K1
143	RAF1
144	SOX17_AMP
145	LATS1
146	RFWD2
147	GPS2
148	BIRC3
149	HIST1H1C
150	MLH1
151	NOTCH2
152	MAPK3_AMP
153	FLT4
154	DOT1L
155	PIK3CB
156	RAD51D_AMP
157	ERBB4
158	RAD54L
159	JAK2
160	PRKAR1A_AMP
161	RNF43_AMP
162	AXIN1_AMP
163	KRAS_AMP
164	HGF
165	AXIN1
166	AXIN2
167	PPM1D_AMP
168	RAD51C_AMP
169	VEGFA
170	SHQ1
171	SPOP_AMP
172	IKZF1_AMP
173	HIST3H3
174	EGFR_AMP
